CLAIM_ID,PUBLIC_CLAIM,SOURCE_ARTIFACT,SOURCE_LOCATION,EXACT_PROOF,REAL / INTEGRATED / SYNTHETIC / SHADOW / REPRESENTATIVE,PUBLIC_SAFE,NEEDS_REDACTION,WEBSITE_DESTINATION,GITHUB_DESTINATION,STATUS
W1-001,HYDRA has executed a bounded T1→T2→T3→T4→T5 contract path in a controlled shadow integration test.,CI_TEST_004_REPAIRED_RERUN_RESULT_V004.json,root.overall; root.boundary; checks[T1_TO_T2_TO_T3_TO_T4_TO_T5_PATH]; root.canonical_baseline_mutated,"OVERALL=PASS_REPAIRED_CI_TEST_004; BOUNDARY=SYNTHETIC_SHADOW_ONLY; T1_TO_T2_TO_T3_TO_T4_TO_T5_PATH pass=true with THREAD1_CONTRACTS, THREAD2_ADVERSARIAL, THREAD3_GOLDEN, THREAD4_LINEAGE, THREAD5_RELEASE_GATE; canonical_baseline_mutated=false.",SHADOW,YES,YES,Proof page → Contract seams; supporting evidence beneath architecture diagram,docs/verification/ci-test-004.md,PUBLIC_READY_WITH_SCOPE_LABEL
W1-002,"Bounded behavioral seam tests preserve replay identity, lineage stability, reverse/why traceability, fault localization, and stable release-gate reasons.",CI_TEST_005_SUMMARY.txt,T3/T4/T5 verification fields and OVERALL,T3_EXACT_REPLAY_MATCH=True; T3_LINEAGE_DIGEST_STABLE=True; T4_FAULT_LOCALIZED=True; T4_REVERSE_TRACE_COMPLETE=True; T4_WHY_TRACE_COMPLETE=True; T5_BLOCKER_IF_UNRESOLVED=True; T5_FAULT_LOCALIZED=True; T5_GATE_REASON_STABLE=True; FAILURE_COUNT=0; OVERALL=PASS_FIRST_BEHAVIORAL_CROSS_THREAD_SEAM; BOUNDARY=SYNTHETIC_SHADOW_ONLY; LIVE_HYDRA_DATA_USED=NONE.,SHADOW,YES,YES,Proof page → Lineage / traceability; architecture step 6 support,docs/verification/ci-test-005.md,PUBLIC_READY_WITH_SCOPE_LABEL
W1-003,A defect-scoped repair restored quarantine propagation and downstream release blocking without mutating the sealed baseline.,CI_TEST_006_REPAIRED_RERUN_SUMMARY_V002.txt,OVERALL; BOUNDARY; quarantine/release checks; immutability checks,OVERALL=PASS_REPAIRED_CI_TEST_006; FAILURE_COUNT=0; BOUNDARY=SYNTHETIC_SHADOW_ONLY; AUTHORITY_MODE=DEFECT_SCOPED_REPAIR_OVERLAY; T2_TO_T4_QUARANTINE_PATH=PASS; T4_TO_T5_RELEASE_BLOCK_PATH=PASS; EXACT_TARGET_INTEGRATED_QUARANTINE_DISPOSITION_PROVEN=PASS; BATCH60_IMMUTABILITY_PIN=PASS; V110_MODIFIED=NO.,SHADOW,YES,YES,Proof page → Defect discovery / minimum repair / rerun,docs/verification/ci-test-006.md,PUBLIC_READY_WITH_SCOPE_LABEL
W1-004,The repaired quarantine behavior reproduced deterministically across independent reruns.,CI_TEST_007_SUMMARY_V001.txt,replay comparison fields and OVERALL,OVERALL=PASS_REPAIRED_QUARANTINE_REPLAY_DETERMINISM; FAILURE_COUNT=0; BOUNDARY=SYNTHETIC_SHADOW_ONLY; CROSS_PROCESS_REPLAY_A_B_BYTE_IDENTICAL=PASS; REPLAY_A_EXACT_STORED_OVERLAY_MATCH=PASS; REPLAY_B_EXACT_STORED_OVERLAY_MATCH=PASS; BATCH60_IMMUTABILITY_PIN=PASS.,SHADOW,YES,YES,Proof page → Deterministic rerun proof,docs/verification/ci-test-007.md,PUBLIC_READY_WITH_SCOPE_LABEL
W1-005,"HYDRA has a native T6 validator/field/temporal/leakage surface, but the exact Batch60 T5→T6 authoritative binding was not present in the audited evidence.",CI_TEST_008_NATIVE_T6_AUDIT_SUMMARY_V004.txt,NATIVE_* fields; EXACT_BATCH60_T5_BINDING_PRESENT; invention guardrails,OVERALL=PASS_NATIVE_T6_AUTHORITY_AUDIT; NATIVE_DISPOSITION=CONFIRMED_NATIVE_T6_EXISTS_REAL_BATCH60_T5_TO_T6_BINDING_ABSENT; NATIVE_VALIDATOR_PRESENT=PASS; NATIVE_FIELD_CONTRACT_PRESENT=PASS; NATIVE_REQUIRED_OPTIONAL_PRESENT=FAIL; NATIVE_TEMPORAL_PRESENT=PASS; NATIVE_LEAKAGE_PRESENT=PASS; EXACT_BATCH60_T5_BINDING_PRESENT=FAIL; SEMANTICS_INVENTED=NO; T5_IDENTITY_MAPPING_INVENTED=NO.,INTEGRATED,YES,YES,Proof page → Authority/admissibility gate; do not state 'T5→T6 works',docs/verification/ci-test-008-native-t6-audit.md,PUBLIC_READY_AFTER_REDACTION
W1-006,CI-008 fails closed rather than inventing missing semantic/admissibility values.,CI_TEST_008_V011_RESULT.json + CI_TEST_008_V012_RESULT.json,required_fields; semantic_values_invented; overall,"V011 overall=BLOCKED_V011_EXACT_AUTHORITATIVE_CASE_SOURCE_REQUIRED; required_fields=[object_type, subject_entity_id, as_of, confidence, evidence_ids]; semantic_values_invented=false. V012 overall=BLOCKED_V012_NO_COMPLETE_PER_FIELD_AUTHORITY_SET; semantic_values_invented=false.",SHADOW,YES,YES,Proof page → Fail-closed authority behavior,docs/verification/ci-test-008.md,PUBLIC_READY_WITH_SCOPE_LABEL
W1-007,"A deterministic authority search found zero complete admissibility cases among 1,206 nonblocked T5 cases, so the test remained blocked.",CI_TEST_008_V012_RESULT.json,authority_hit_count; complete_case_count; nonblocked_t5_count; deterministic_double_scan; overall,authority_hit_count=0; complete_case_count=0; nonblocked_t5_count=1206; deterministic_double_scan=true; identical run digests; overall=BLOCKED_V012_NO_COMPLETE_PER_FIELD_AUTHORITY_SET; semantic_values_invented=false; batch60_immutability_pin=true.,SHADOW,YES,YES,Proof page → Authority rejection example,docs/verification/ci-test-008.md,PUBLIC_READY_WITH_SCOPE_LABEL
W1-008,The source-authority registry passed 108/108 tests and its canonical representation reproduced under a stable hash.,N4_FINAL_CLOSEOUT_V004 / NYX_N4_FINAL_RETURN_V004,FINAL CLOSEOUT EVIDENCE; N4 CLOSED,N4_FINAL_STATUS=PASS_FINAL; N4_TESTS=108/108_PASS; N4_CANONICAL_HASH=PASS; N4_V004=PASS_FINAL_CLOSEOUT; N4_IMPLEMENTATION=COMPLETE; N4_CORE_MUTATION_REQUIRED=NO; N4_LIVE_HYDRA_DATA_USED=NONE.,INTEGRATED,YES,YES,Proof page → Source authority; architecture authority gate,docs/verification/n4-source-authority-registry.md,PUBLIC_READY_AFTER_REDACTION
W1-009,Source authority is evaluated through an explicit accept/reject seam rather than inferred from source presence alone.,N4_FINAL_CLOSEOUT_V004 / N4 registry tests,"N4_EXACT_SEAM and tests 003, 007, 011, 042, 043, 060, 087-090","Defined seam SourceAuthorityRegistry.evaluate_evidence(...)->AuthorityDecision; tests include no_trusted_source_explicit, weak_source_cannot_promote, unresolved_authority_rejects, adapter_existence_does_not_imply_authority, only_source_weak_does_not_become_authoritative, unknown_source_id_does_not_fabricate_source, provenance identity mismatch rejection, and malformed provenance fail-closed; all included in 108/108 PASS.",INTEGRATED,YES,YES,Proof page → Authority rules; safe replacement for broad 'identity resolution' language,docs/architecture/source-authority.md,PUBLIC_READY_AFTER_REDACTION
W1-010,The N1 semantic-classification seam is sealed with 38/38 passing checks and consumes canonical identity authority rather than minting a new identity.,NYX_W48-04_N1_SEAL_CLOSEOUT_RECEIPT_V001.zip + current N1 seal/reproof receipts,N1 sealed test summary; canonical identity authority fields,N1=38/38 PASS; canonical authority=INPUT_CASE_CONSTRAINT_ID; current adapter pin=e0f10276d32be1ce62826c7361bf54fcdf19dadbfe3f463c02e249fabc8ea888; semantics pin=4f4eb09088e890778d4b88f02b5c63bab4d69a4c84150fe162d891233992e7f5; current reproof reports N1_MUTATION=NONE and ONTOLOGY_EXTENSION=NO.,INTEGRATED,YES,YES,Proof page → Constraint semantic classification; not hero copy,docs/verification/n1-semantic-classification.md,PUBLIC_READY_AFTER_SANITIZED_RECEIPT_EXPORT
W1-011,N3 reclassified an apparent history/migration defect as no-repair after current-tree review instead of forcing an unnecessary patch.,N3_V011R4R1_RETURN_20260913_165910.zip,final adjudication / closeout receipt,PASS_RECLASSIFIED_NO_REPAIR; the review found false-positive consumers without proven history demand and did not authorize a semantic repair; baseline remained unchanged.,INTEGRATED,YES,YES,Proof page → Test-first/no-unnecessary-repair example,docs/verification/n3-history-adjudication.md,PUBLIC_READY_AFTER_SANITIZED_RECEIPT_EXPORT
W1-012,N2 withheld seal when an authoritative upstream→N2 transport contract could not be established.,W48_05_N2_FINAL_SEAL_FAIL_WITH_DEFECT_V001_READY.zip + N2 final closeout receipts,final seal disposition / defect receipt,FAIL_WITH_DEFECT; N2_SEALED=FALSE; named defect N2-DEFECT-013-NATIVE_N2_TRANSPORT_CONTRACT_ABSENT; no baseline/core mutation. The exact label FINAL_BLOCKED_EXTERNAL_OWNER was not independently resolved in W1 and is therefore not approved for public use.,INTEGRATED,YES,YES,Proof page → Release/seal refusal; use plain-language outcome,docs/verification/n2-transport-contract-blocker.md,PUBLIC_READY_AFTER_SANITIZED_RECEIPT_EXPORT
W1-013,A controlled rebaseline can repair the test harness without rewriting the historical defect record.,HISTORICAL_DEFECT_RECEIPT.json + CI_TEST_004_REPAIRED_RERUN_RESULT_V004.json,historical_status; rebaseline_does_not_rewrite_history; historical_equivalence,defect=CROSS_THREAD_MACHINE_LINKAGE_ABSENT; historical_status=OPEN_PRESERVED; historical_batch60_equivalence=false; rebaseline_does_not_rewrite_history=true; rebaseline_scope=CI_TEST_004_TEST_ONLY; repaired rerun passes but historical_equivalence=false.,SHADOW,YES,YES,Proof page → History / audit behavior,docs/verification/ci-test-004-history-preservation.md,PUBLIC_READY_WITH_SCOPE_LABEL
W1-014,Bounded repair and seam tests preserve the sealed Batch60 baseline rather than editing it to make tests pass.,CI_TEST_004_REPAIRED_RERUN_RESULT_V004.json; CI_TEST_005_SUMMARY.txt; CI_TEST_006_REPAIRED_RERUN_SUMMARY_V002.txt; CI_TEST_008_V012_RESULT.json,immutability/before-after fields across receipts,CI-004 canonical_baseline_mutated=false and BATCH60_IMMUTABILITY_PIN PASS; CI-005 sealed hash before=after and SEALED_BATCH60_MUTATED=NO; CI-006 BATCH60_IMMUTABILITY_PIN=PASS; CI-008 batch60_immutability_pin=true.,SHADOW,YES,YES,Proof page → Immutability / governance,docs/verification/baseline-immutability.md,PUBLIC_READY_WITH_SCOPE_LABEL
W1-015,HYDRA currently proves multi-source ingestion in an integrated/live public-ready path.,HYDRA_THREAD_C_EVIDENCE_SELF_HEALING_CLOSEOUT.txt,"sections 1-3, ownership/boundary/count reconciliation","The review packet says ingestion/normalization/extraction are Thread C-owned and SYNTHETIC_SHADOW_ONLY, with no live/production ingestion authorized. It explicitly states the preceding PASS flags are claims to test, not proof. No later independently verified ingestion execution receipt was resolved during W1.",SYNTHETIC,NO,YES,Hero badge 'Multi-source ingestion' → HOLD until execution receipt; architecture text → rewrite as design intent only,docs/verification/pending-ingestion-proof.md,BLOCKED_PENDING_EXECUTION_RECEIPT
W1-016,HYDRA currently proves normalization end-to-end on live data.,HYDRA_THREAD_C_EVIDENCE_SELF_HEALING_CLOSEOUT.txt,normalization / serialization / synthetic-shadow boundary sections,The packet defines normalization tests and preservation requirements but explicitly keeps execution SYNTHETIC_SHADOW_ONLY and treats earlier PASS flags as claims requiring independent verification. No live-data normalization closeout was resolved in W1.,SYNTHETIC,NO,YES,"Architecture step 'Normalize' → retain only as architecture/design label, not as proven live capability",docs/verification/pending-normalization-proof.md,BLOCKED_PENDING_EXECUTION_RECEIPT
W1-017,Provenance and lineage references are preserved through the repaired T2→T4→T5 quarantine/release-block seam.,CI_TEST_006_REPAIRED_RERUN_SUMMARY_V002.txt,CHECK::T4_LINEAGE_PRESERVED; CHECK::T4_PROVENANCE_PRESERVED; T5/reference checks,CHECK::T4_LINEAGE_PRESERVED=PASS; CHECK::T4_PROVENANCE_PRESERVED=PASS; T5_T4_REFERENCE=PASS; T5_EXACT_SOURCE_REFERENCE=PASS; forward and reverse edges PASS; BOUNDARY=SYNTHETIC_SHADOW_ONLY.,SHADOW,YES,YES,Hero badge 'Lineage + release gates' → KEEP with proof link and scope note,docs/verification/lineage-release-gates.md,PUBLIC_READY_WITH_SCOPE_LABEL
W1-018,HYDRA currently proves broad production-grade identity resolution across all market/reference/history sources.,N4 source-authority closeout + N1 seal receipts,N4 authority seam; N1 canonical identity authority,Evidence proves a source-authority decision seam and N1 consumption of canonical identity authority. It does not prove a production-wide identity-resolution service across all sources. Broad 'identity resolution' wording therefore exceeds the receipts.,INTEGRATED,NO,YES,Architecture 'identity resolution' → REWRITE to 'source authority + canonical identity gates',docs/architecture/authority-and-identity-gates.md,REWRITE_REQUIRED
W1-019,"HYDRA uses contract/schema validation at bounded handoffs, with explicit rejection rather than silent coercion or fabricated mapping.",CI_TEST_004_REPAIRED_RERUN_RESULT_V004.json + N4_FINAL_CLOSEOUT_V004,CI-004 contract-path checks; N4 schema/provenance/unknown-source rejection tests,"CI-004 contract path passes with ZERO_FABRICATED_MAPPING_CLAIMS=PASS and no baseline mutation; N4 108/108 suite includes schema parsing/validation, unknown-key rejection, malformed provenance rejection, unresolved-authority rejection, and non-coercion checks.",SHADOW,YES,YES,Hero badge → prefer 'Contract-checked handoffs' over 'Contract-bound handoffs' until T5→T6 authority binding is closed,docs/verification/contracts-and-schemas.md,PUBLIC_READY_WITH_WORDING_CHANGE
W1-020,The representative Constraint output displayed publicly is backed by a sanitized execution receipt.,NONE_LOCATED_IN_W1,n/a,No sanitized representative Constraint-output receipt was resolved and bound to a public-safe example during W1.,REPRESENTATIVE,NO,YES,Constraint-output demo/card → BLOCK until one receipt-backed sanitized example is selected,docs/examples/constraint-output/README.md,BLOCKED_NEEDS_SANITIZED_RECEIPT
W1-021,"HYDRA currently proves an integrated operational handoff from Constraint output into downstream research, risk scoring, and planning consumers.",CI-008 authority receipts + N5 final blocked native-admissibility seal,T5→T6 blocker / downstream admissibility status,"Current evidence proves gating and an unresolved authoritative T5→T6 binding, not a completed downstream operational path. The website may describe downstream consumers as intended/design destinations, not as proven integrated execution.",INTEGRATED,NO,YES,Architecture downstream box → label 'downstream consumers / intended handoff' rather than 'serves downstream intelligence',docs/architecture/downstream-handoff-status.md,REWRITE_REQUIRED
W1-022,HYDRA's release/seal workflow can refuse progression when required authority or transport contracts are unresolved.,CI_TEST_006_REPAIRED_RERUN_SUMMARY_V002.txt + CI_TEST_008_V012_RESULT.json + N2 final seal receipts,T5 release-block; CI-008 blocked authority; N2 seal disposition,CI-006 T4_TO_T5_RELEASE_BLOCK_PATH=PASS; CI-008 remains blocked with zero complete authority cases and no invented semantic values; N2 final closeout records FAIL_WITH_DEFECT and N2_SEALED=FALSE when native transport authority was absent.,INTEGRATED,YES,YES,Hero/supporting copy → 'Lineage + release gates'; Proof page → fail-closed release behavior,docs/verification/release-and-seal-gates.md,PUBLIC_READY_AFTER_REDACTION
W1-023,The source-authority registry explicitly rejects nested secret material in registry/cost metadata.,N4_FINAL_CLOSEOUT_V004,"tests 038, 100, 101; 108/108 closeout",test_038_secret_metadata_forbidden=ok; test_100_nested_secret_in_registry_metadata_rejected=ok; test_101_nested_secret_in_cost_metadata_list_rejected=ok; entire N4 suite=108/108 PASS.,INTEGRATED,YES,NO,Proof page → Validation / defensive controls; optional,docs/verification/n4-source-authority-registry.md,PUBLIC_READY
W1-024,The website can call the current HYDRA evidence 'real-data production validation.',CI-004/005/006/008 + N4 closeout,boundary/live-data fields,CI-004/005/006 evidence is SYNTHETIC_SHADOW_ONLY; CI-005 and CI-006 say LIVE_HYDRA_DATA_USED=NONE; N4 says N4_LIVE_HYDRA_DATA_USED=NONE. No W1 evidence authorizes a blanket 'production validated' claim.,SHADOW,NO,NO,Global copy rule → FORBIDDEN until a real-data receipt exists,docs/verification/evidence-classification-policy.md,REJECTED_UNSUPPORTED
